State,District,2003,2004,2005,2006,2007,2008,2009,2010,2011,2012,2013,2014,2015
Andhra Pradesh,Adilabad,3982.0,4269.0,3910.0,4909.0,4967.0,4927.0,4375.0,4524.0,4662.0,4324.0,4192.0,2511,2469
Andhra Pradesh,Anantapur,2472.0,2650.0,2427.0,3047.0,3083.0,3059.0,2716.0,2808.0,2894.0,2684.0,2602.0,1559,1533
Andhra Pradesh,Chittoor,492.0,528.0,483.0,607.0,614.0,609.0,541.0,559.0,576.0,535.0,518.0,310,305
Andhra Pradesh,East Godavari,2262.0,2425.0,2221.0,2789.0,2822.0,2799.0,2485.0,2570.0,2649.0,2457.0,2381.0,1426,1403
Andhra Pradesh,Guntur,167.0,180.0,164.0,206.0,209.0,207.0,184.0,190.0,196.0,182.0,176.0,106,104
Andhra Pradesh,Hyderabad,258.0,277.0,253.0,318.0,322.0,319.0,284.0,293.0,302.0,280.0,272.0,163,160
Andhra Pradesh,Kadapa,3143.0,3369.0,3085.0,3874.0,3920.0,3888.0,3452.0,3570.0,3679.0,3412.0,3308.0,1981,1949
Andhra Pradesh,Karimnagar,2288.0,2453.0,2247.0,2821.0,2854.0,2831.0,2514.0,2599.0,2679.0,2485.0,2409.0,1443,1419
Andhra Pradesh,Khammam,2524.0,2706.0,2478.0,3111.0,3148.0,3123.0,2773.0,2867.0,2955.0,2741.0,2657.0,1591,1565
Andhra Pradesh,Krishna,2020.0,2165.0,1983.0,2490.0,2519.0,2499.0,2219.0,2294.0,2365.0,2193.0,2126.0,1273,1252
Andhra Pradesh,Kurnool,1111.0,1191.0,1091.0,1369.0,1386.0,1375.0,1220.0,1262.0,1301.0,1206.0,1169.0,700,689
Andhra Pradesh,Mahbubnagar,4829.0,5176.0,4741.0,5952.0,6022.0,5974.0,5305.0,5485.0,5653.0,5243.0,5082.0,3044,2994
Andhra Pradesh,Medak,749.0,803.0,736.0,923.0,934.0,927.0,823.0,851.0,877.0,814.0,789.0,472,465
Andhra Pradesh,Nalgonda,847.0,908.0,831.0,1044.0,1056.0,1048.0,930.0,962.0,991.0,920.0,891.0,534,525
Andhra Pradesh,Nellore,1882.0,2017.0,1848.0,2319.0,2347.0,2328.0,2067.0,2137.0,2203.0,2043.0,1981.0,1186,1167
Andhra Pradesh,Nizamabad,1314.0,1408.0,1290.0,1619.0,1638.0,1625.0,1443.0,1492.0,1538.0,1426.0,1383.0,828,815
Andhra Pradesh,Prakasam,4333.0,4645.0,4255.0,5341.0,5405.0,5362.0,4761.0,4922.0,5073.0,4705.0,4561.0,2732,2687
Andhra Pradesh,Rangareddy,3971.0,4256.0,3898.0,4894.0,4952.0,4913.0,4362.0,4510.0,4649.0,4311.0,4179.0,2503,2462
Andhra Pradesh,Srikakulam,56.0,60.0,55.0,69.0,70.0,69.0,61.0,63.0,65.0,61.0,59.0,35,35
Andhra Pradesh,Visakhapatnam,1398.0,1499.0,1373.0,1723.0,1744.0,1730.0,1536.0,1588.0,1637.0,1518.0,1472.0,881,867
Andhra Pradesh,Vizianagaram,1298.0,1392.0,1274.0,1600.0,1619.0,1606.0,1426.0,1474.0,1520.0,1410.0,1366.0,818,805
Andhra Pradesh,Warangal,3109.0,3332.0,3052.0,3832.0,3877.0,3846.0,3415.0,3531.0,3639.0,3375.0,3272.0,1960,1928
Andhra Pradesh,West Godavari,2972.0,3186.0,2918.0,3663.0,3705.0,3677.0,3265.0,3377.0,3480.0,3227.0,3125.0,1875,1841
Arunachal Pradesh,North Arunachal Pradesh,63.0,71.0,56.0,61.0,82.0,72.0,89.0,83.0,74.0,67.0,68.0,52,61
Arunachal Pradesh,South Arunachal Pradesh,12.0,13.0,10.0,11.0,15.0,13.0,17.0,15.0,14.0,13.0,13.0,10,11
Arunachal Pradesh,East Arunachal Pradesh,39.0,43.0,34.0,37.0,51.0,44.0,55.0,51.0,45.0,41.0,42.0,32,37
Arunachal Pradesh,West Arunachal Pradesh,56.0,63.0,50.0,55.0,74.0,64.0,80.0,74.0,66.0,60.0,61.0,47,54
Arunachal Pradesh,Central Arunachal Pradesh,48.0,54.0,42.0,46.0,63.0,55.0,68.0,63.0,56.0,51.0,52.0,40,46
Arunachal Pradesh,Arunachal Pradesh Rural,18.0,21.0,16.0,18.0,24.0,21.0,26.0,24.0,22.0,20.0,20.0,15,18
Arunachal Pradesh,Arunachal Pradesh Urban,41.0,46.0,36.0,40.0,54.0,47.0,59.0,54.0,48.0,44.0,45.0,34,40
Arunachal Pradesh,Arunachal Pradesh Hills,14.0,16.0,13.0,14.0,19.0,16.0,20.0,19.0,17.0,15.0,15.0,12,14
Arunachal Pradesh,Arunachal Pradesh Valley,56.0,63.0,49.0,54.0,73.0,63.0,79.0,73.0,65.0,60.0,60.0,46,54
Arunachal Pradesh,Arunachal Pradesh Plains,27.0,29.0,24.0,25.0,33.0,30.0,37.0,35.0,31.0,28.0,29.0,20,24
Assam,Baksa,304.0,300.0,386.0,378.0,397.0,354.0,384.0,528.0,453.0,467.0,460.0,453,492
Assam,Barpeta,72.0,71.0,91.0,89.0,93.0,83.0,91.0,124.0,107.0,110.0,108.0,107,116
Assam,Bongaigaon,152.0,151.0,193.0,190.0,199.0,177.0,193.0,265.0,227.0,234.0,231.0,227,247
Assam,Cachar,197.0,195.0,250.0,245.0,257.0,229.0,249.0,342.0,294.0,303.0,298.0,293,319
Assam,Chirang,176.0,174.0,224.0,220.0,230.0,205.0,223.0,306.0,263.0,271.0,267.0,263,286
Assam,Darrang,262.0,259.0,333.0,327.0,343.0,306.0,332.0,456.0,391.0,404.0,398.0,391,425
Assam,Dhemaji,121.0,120.0,154.0,151.0,158.0,141.0,153.0,211.0,181.0,186.0,184.0,181,196
Assam,Dhubri,239.0,236.0,303.0,297.0,312.0,278.0,302.0,415.0,356.0,367.0,362.0,356,387
Assam,Dibrugarh,99.0,98.0,126.0,124.0,130.0,116.0,126.0,172.0,148.0,153.0,150.0,148,161
Assam,Dima Hasao,34.0,34.0,44.0,43.0,45.0,40.0,44.0,60.0,51.0,53.0,52.0,51,56
Assam,Goalpara,211.0,209.0,268.0,263.0,276.0,246.0,267.0,367.0,315.0,325.0,320.0,315,342
Assam,Golaghat,155.0,154.0,198.0,194.0,203.0,181.0,197.0,270.0,232.0,239.0,236.0,232,252
Assam,Hailakandi,143.0,141.0,182.0,178.0,187.0,166.0,181.0,248.0,213.0,220.0,217.0,213,232
Assam,Jorhat,265.0,262.0,337.0,330.0,346.0,309.0,336.0,461.0,395.0,408.0,402.0,395,430
Assam,Kamrup,239.0,236.0,303.0,297.0,312.0,278.0,302.0,415.0,356.0,367.0,362.0,356,387
Assam,Kamrup Metro,109.0,108.0,139.0,136.0,143.0,127.0,139.0,190.0,163.0,168.0,166.0,163,177
Assam,Karbi Anglong,121.0,120.0,154.0,151.0,158.0,141.0,153.0,210.0,181.0,186.0,183.0,180,196
Assam,Karimganj,164.0,162.0,209.0,205.0,214.0,191.0,208.0,285.0,245.0,252.0,249.0,245,266
Assam,Kokrajhar,345.0,341.0,439.0,430.0,451.0,402.0,437.0,600.0,515.0,531.0,523.0,514,560
Assam,Lakhimpur,17.0,16.0,21.0,21.0,22.0,19.0,21.0,29.0,25.0,26.0,25.0,25,27
Assam,Morigaon,90.0,89.0,115.0,113.0,118.0,105.0,114.0,157.0,135.0,139.0,137.0,135,146
Assam,Nagaon,160.0,158.0,203.0,199.0,209.0,186.0,203.0,278.0,239.0,246.0,242.0,238,259
Assam,Nalbari,86.0,85.0,109.0,107.0,112.0,100.0,109.0,150.0,128.0,132.0,130.0,128,140
Assam,Sivasagar,106.0,105.0,135.0,132.0,138.0,124.0,134.0,184.0,158.0,163.0,161.0,158,172
Assam,Sonitpur,277.0,274.0,352.0,345.0,362.0,323.0,351.0,481.0,413.0,426.0,420.0,413,449
Assam,Tinsukia,62.0,62.0,79.0,78.0,82.0,73.0,79.0,108.0,93.0,96.0,95.0,93,101
Assam,Udalguri,155.0,153.0,193.0,192.0,200.0,181.0,194.0,267.0,228.0,237.0,231.0,226,247
Bihar,Araria,121.0,76.0,73.0,103.0,171.0,182.0,204.0,232.0,203.0,205.0,203.0,190,196
Bihar,Arwal,188.0,119.0,114.0,159.0,266.0,283.0,317.0,361.0,315.0,318.0,315.0,296,304
Bihar,Aurangabad,18.0,11.0,11.0,15.0,25.0,27.0,30.0,35.0,30.0,30.0,30.0,28,29
Bihar,Banka,52.0,33.0,32.0,44.0,74.0,79.0,88.0,100.0,88.0,88.0,88.0,82,85
Bihar,Begusarai,74.0,47.0,45.0,63.0,105.0,112.0,125.0,142.0,124.0,126.0,125.0,117,120
Bihar,Bhagalpur,95.0,60.0,58.0,81.0,135.0,144.0,161.0,183.0,160.0,161.0,160.0,150,154
Bihar,Bhojpur,103.0,65.0,62.0,87.0,145.0,155.0,173.0,197.0,172.0,174.0,173.0,162,166
Bihar,Buxar,195.0,123.0,118.0,165.0,275.0,293.0,328.0,374.0,326.0,329.0,327.0,306,315
Bihar,Darbhanga,30.0,19.0,18.0,26.0,43.0,46.0,51.0,58.0,51.0,51.0,51.0,48,49
Bihar,East Champaran,185.0,117.0,112.0,157.0,262.0,279.0,312.0,356.0,311.0,313.0,311.0,291,300
Bihar,Gaya,130.0,82.0,79.0,110.0,184.0,196.0,219.0,250.0,218.0,220.0,218.0,204,210
Bihar,Gopalganj,169.0,107.0,102.0,143.0,239.0,254.0,284.0,324.0,283.0,286.0,283.0,266,273
Bihar,Jamui,141.0,89.0,85.0,120.0,199.0,212.0,238.0,271.0,237.0,239.0,237.0,222,228
Bihar,Jehanabad,143.0,90.0,86.0,121.0,202.0,215.0,240.0,274.0,239.0,241.0,239.0,224,231
Bihar,Kaimur,154.0,97.0,93.0,130.0,218.0,232.0,259.0,296.0,258.0,260.0,258.0,242,249
Bihar,Katihar,75.0,47.0,45.0,64.0,106.0,113.0,126.0,144.0,126.0,127.0,126.0,118,121
Bihar,Khagaria,35.0,22.0,21.0,30.0,50.0,53.0,59.0,68.0,59.0,60.0,59.0,56,57
Bihar,Kishanganj,87.0,55.0,53.0,73.0,123.0,131.0,146.0,166.0,145.0,147.0,145.0,136,140
Bihar,Lakhisarai,98.0,61.0,59.0,83.0,138.0,147.0,164.0,187.0,163.0,165.0,163.0,153,158
Bihar,Madhepura,87.0,55.0,53.0,74.0,123.0,131.0,147.0,167.0,146.0,147.0,146.0,137,141
Bihar,Madhubani,174.0,110.0,106.0,148.0,246.0,262.0,293.0,334.0,292.0,295.0,292.0,274,282
Bihar,Munger,124.0,78.0,75.0,105.0,175.0,187.0,209.0,238.0,208.0,210.0,208.0,195,201
Bihar,Muzaffarpur,115.0,72.0,70.0,97.0,162.0,173.0,193.0,220.0,193.0,194.0,193.0,181,186
Bihar,Nalanda,194.0,122.0,117.0,164.0,274.0,292.0,326.0,372.0,325.0,327.0,325.0,304,313
Bihar,Nawada,200.0,126.0,121.0,169.0,282.0,300.0,336.0,383.0,334.0,337.0,334.0,313,323
Bihar,Patna,17.0,11.0,11.0,15.0,25.0,26.0,29.0,33.0,29.0,29.0,29.0,27,28
Bihar,Purnia,18.0,11.0,11.0,15.0,25.0,27.0,30.0,34.0,30.0,30.0,30.0,28,29
Bihar,Rohtas,177.0,111.0,107.0,149.0,249.0,266.0,297.0,339.0,296.0,298.0,296.0,277,285
Bihar,Saharsa,193.0,122.0,117.0,164.0,273.0,291.0,325.0,371.0,324.0,327.0,324.0,304,313
Bihar,Samastipur,0.0,0.0,0.0,0.0,0.0,0.0,0.0,0.0,0.0,0.0,0.0,0,0
Bihar,Saran,137.0,86.0,83.0,116.0,193.0,206.0,230.0,262.0,229.0,231.0,229.0,215,221
Bihar,Sheikhpura,125.0,79.0,76.0,106.0,177.0,188.0,210.0,240.0,210.0,211.0,210.0,196,202
Bihar,Sheohar,62.0,39.0,37.0,52.0,87.0,93.0,103.0,118.0,103.0,104.0,103.0,97,99
Bihar,Sitamarhi,21.0,13.0,12.0,17.0,29.0,31.0,35.0,39.0,34.0,35.0,34.0,32,33
Bihar,Siwan,169.0,106.0,102.0,143.0,238.0,254.0,284.0,323.0,282.0,285.0,283.0,265,273
Bihar,Supaul,192.0,121.0,116.0,162.0,271.0,288.0,322.0,367.0,321.0,324.0,321.0,301,310
Bihar,Vaishali,84.0,53.0,51.0,71.0,118.0,126.0,141.0,161.0,140.0,142.0,140.0,132,135
Bihar,West Champaran,45.0,29.0,28.0,37.0,64.0,65.0,79.0,87.0,79.0,76.0,78.0,71,76
Chhattisgarh,North Chhattisgarh,79.0,89.0,94.0,101.0,106.0,116.0,120.0,123.0,126.0,122.0,113.0,119,121
Chhattisgarh,South Chhattisgarh,1016.0,1151.0,1207.0,1304.0,1365.0,1497.0,1544.0,1582.0,1620.0,1572.0,1454.0,1530,1562
Chhattisgarh,East Chhattisgarh,1426.0,1616.0,1695.0,1830.0,1916.0,2102.0,2167.0,2220.0,2274.0,2207.0,2041.0,2148,2192
Chhattisgarh,West Chhattisgarh,941.0,1066.0,1118.0,1207.0,1264.0,1387.0,1430.0,1465.0,1500.0,1456.0,1347.0,1417,1446
Chhattisgarh,Central Chhattisgarh,1035.0,1173.0,1230.0,1328.0,1391.0,1526.0,1573.0,1612.0,1651.0,1602.0,1482.0,1560,1591
Chhattisgarh,Chhattisgarh Rural,1151.0,1305.0,1368.0,1478.0,1547.0,1697.0,1750.0,1793.0,1836.0,1782.0,1648.0,1734,1770
Chhattisgarh,Chhattisgarh Urban,523.0,593.0,622.0,671.0,703.0,771.0,795.0,814.0,834.0,809.0,749.0,788,804
Chhattisgarh,Chhattisgarh Hills,1202.0,1362.0,1429.0,1543.0,1615.0,1772.0,1827.0,1872.0,1917.0,1861.0,1721.0,1811,1848
Chhattisgarh,Chhattisgarh Valley,39.0,44.0,46.0,50.0,53.0,58.0,59.0,61.0,62.0,61.0,56.0,59,60
Chhattisgarh,Chhattisgarh Plains,1320.0,1498.0,1569.0,1696.0,1775.0,1947.0,2009.0,2057.0,2109.0,2045.0,1892.0,1991,2032
Goa,North Goa,240.0,249.0,248.0,268.0,286.0,289.0,270.0,247.0,212.0,190.0,176.0,172,188
Goa,South Goa,19.0,20.0,20.0,22.0,23.0,23.0,22.0,20.0,17.0,15.0,14.0,14,15
Goa,East Goa,509.0,529.0,526.0,568.0,606.0,613.0,572.0,525.0,449.0,404.0,373.0,364,398
Goa,West Goa,567.0,590.0,586.0,633.0,676.0,684.0,638.0,585.0,501.0,451.0,417.0,406,444
Goa,Central Goa,247.0,257.0,255.0,276.0,294.0,298.0,278.0,255.0,218.0,196.0,181.0,177,193
Goa,Goa Rural,423.0,440.0,438.0,473.0,504.0,511.0,476.0,437.0,374.0,336.0,311.0,303,331
Goa,Goa Urban,207.0,215.0,214.0,231.0,246.0,249.0,232.0,213.0,182.0,164.0,152.0,148,162
Goa,Goa Hills,77.0,80.0,80.0,86.0,92.0,93.0,87.0,79.0,68.0,61.0,57.0,55,60
Goa,Goa Valley,34.0,35.0,35.0,38.0,41.0,41.0,38.0,35.0,30.0,27.0,25.0,24,27
Goa,Goa Plains,303.0,315.0,312.0,336.0,360.0,366.0,341.0,313.0,267.0,242.0,222.0,216,237
Gujarat,North Gujarat,5849.0,5980.0,6061.0,5902.0,6212.0,6204.0,5721.0,5635.0,5165.0,4802.0,4313.0,3906,3725
Gujarat,South Gujarat,4238.0,4333.0,4392.0,4277.0,4501.0,4495.0,4146.0,4083.0,3743.0,3480.0,3125.0,2831,2699
Gujarat,East Gujarat,3303.0,3377.0,3423.0,3333.0,3508.0,3503.0,3231.0,3182.0,2917.0,2712.0,2436.0,2206,2103
Gujarat,West Gujarat,2548.0,2605.0,2640.0,2571.0,2706.0,2702.0,2492.0,2455.0,2250.0,2092.0,1879.0,1702,1623
Gujarat,Central Gujarat,5378.0,5499.0,5573.0,5427.0,5711.0,5704.0,5261.0,5182.0,4750.0,4415.0,3966.0,3592,3425
Gujarat,Gujarat Rural,4930.0,5041.0,5109.0,4975.0,5236.0,5229.0,4822.0,4750.0,4354.0,4047.0,3636.0,3293,3140
Gujarat,Gujarat Urban,2212.0,2261.0,2292.0,2232.0,2349.0,2346.0,2163.0,2131.0,1953.0,1816.0,1631.0,1477,1408
Gujarat,Gujarat Hills,898.0,918.0,930.0,906.0,953.0,952.0,878.0,865.0,793.0,737.0,662.0,600,572
Gujarat,Gujarat Valley,777.0,794.0,805.0,784.0,825.0,824.0,760.0,749.0,686.0,638.0,573.0,519,495
Gujarat,Gujarat Plains,3547.0,3628.0,3676.0,3577.0,3767.0,3763.0,3470.0,3417.0,3133.0,2911.0,2615.0,2367,2258
Haryana,North Haryana,181.0,189.0,192.0,199.0,225.0,231.0,229.0,216.0,213.0,207.0,200.0,195,236
Haryana,South Haryana,1621.0,1690.0,1716.0,1783.0,2012.0,2067.0,2050.0,1937.0,1902.0,1848.0,1788.0,1749,2111
Haryana,East Haryana,525.0,548.0,556.0,578.0,652.0,670.0,665.0,628.0,617.0,599.0,580.0,567,684
Haryana,West Haryana,1019.0,1062.0,1078.0,1121.0,1265.0,1299.0,1288.0,1218.0,1196.0,1162.0,1124.0,1099,1327
Haryana,Central Haryana,490.0,511.0,519.0,539.0,608.0,625.0,620.0,586.0,575.0,559.0,541.0,529,638
Haryana,Haryana Rural,1528.0,1594.0,1618.0,1681.0,1897.0,1949.0,1933.0,1826.0,1794.0,1743.0,1686.0,1649,1990
Haryana,Haryana Urban,753.0,785.0,797.0,828.0,935.0,960.0,952.0,900.0,884.0,859.0,831.0,813,981
Haryana,Haryana Hills,124.0,130.0,132.0,137.0,154.0,159.0,157.0,149.0,146.0,142.0,137.0,134,162
Haryana,Haryana Valley,861.0,898.0,912.0,948.0,1069.0,1099.0,1089.0,1030.0,1011.0,982.0,950.0,930,1122
Haryana,Haryana Plains,1185.0,1236.0,1253.0,1304.0,1471.0,1511.0,1498.0,1415.0,1389.0,1351.0,1306.0,1279,1543
Himachal Pradesh,North Himachal Pradesh,431.0,492.0,445.0,482.0,527.0,466.0,551.0,526.0,540.0,519.0,502.0,551,505
Himachal Pradesh,South Himachal Pradesh,297.0,339.0,308.0,333.0,364.0,322.0,381.0,363.0,373.0,358.0,347.0,380,349
Himachal Pradesh,East Himachal Pradesh,10.0,12.0,11.0,11.0,12.0,11.0,13.0,12.0,13.0,12.0,12.0,13,12
Himachal Pradesh,West Himachal Pradesh,519.0,592.0,536.0,581.0,635.0,561.0,664.0,634.0,650.0,625.0,605.0,664,608
Himachal Pradesh,Central Himachal Pradesh,919.0,1049.0,951.0,1029.0,1124.0,994.0,1177.0,1123.0,1152.0,1107.0,1072.0,1176,1077
Himachal Pradesh,Himachal Pradesh Rural,175.0,200.0,181.0,196.0,214.0,189.0,224.0,214.0,219.0,211.0,204.0,224,205
Himachal Pradesh,Himachal Pradesh Urban,1501.0,1713.0,1552.0,1680.0,1836.0,1623.0,1921.0,1834.0,1881.0,1807.0,1750.0,1920,1759
Himachal Pradesh,Himachal Pradesh Hills,188.0,214.0,194.0,210.0,230.0,203.0,240.0,229.0,235.0,226.0,219.0,240,220
Himachal Pradesh,Himachal Pradesh Valley,313.0,357.0,324.0,350.0,383.0,338.0,401.0,382.0,392.0,377.0,365.0,400,367
Himachal Pradesh,Himachal Pradesh Plains,5.0,7.0,5.0,7.0,7.0,7.0,7.0,8.0,7.0,6.0,5.0,8,6
Jammu & Kashmir,North Jammu & Kashmir,598.0,660.0,617.0,610.0,588.0,564.0,609.0,648.0,743.0,724.0,644.0,597,604
Jammu & Kashmir,South Jammu & Kashmir,549.0,606.0,566.0,560.0,540.0,518.0,559.0,594.0,682.0,665.0,591.0,548,555
Jammu & Kashmir,East Jammu & Kashmir,695.0,767.0,717.0,709.0,683.0,655.0,707.0,753.0,863.0,841.0,749.0,694,702
Jammu & Kashmir,West Jammu & Kashmir,851.0,939.0,879.0,868.0,837.0,803.0,866.0,922.0,1058.0,1031.0,917.0,850,860
Jammu & Kashmir,Central Jammu & Kashmir,372.0,410.0,384.0,379.0,365.0,350.0,378.0,403.0,462.0,450.0,400.0,371,376
Jammu & Kashmir,Jammu & Kashmir Rural,1337.0,1475.0,1380.0,1364.0,1314.0,1261.0,1361.0,1448.0,1662.0,1619.0,1441.0,1335,1351
Jammu & Kashmir,Jammu & Kashmir Urban,60.0,66.0,61.0,61.0,59.0,56.0,61.0,65.0,74.0,72.0,64.0,59,60
Jammu & Kashmir,Jammu & Kashmir Hills,1039.0,1146.0,1072.0,1060.0,1021.0,980.0,1057.0,1125.0,1291.0,1258.0,1119.0,1037,1050
Jammu & Kashmir,Jammu & Kashmir Valley,1492.0,1647.0,1540.0,1523.0,1467.0,1407.0,1519.0,1616.0,1855.0,1807.0,1608.0,1490,1508
Jammu & Kashmir,Jammu & Kashmir Plains,1063.0,1173.0,1099.0,1085.0,1046.0,1003.0,1082.0,1152.0,1322.0,1288.0,1148.0,1062,1076
Jharkhand,North Jharkhand,36.0,37.0,31.0,32.0,38.0,38.0,38.0,42.0,42.0,43.0,38.0,38,35
Jharkhand,South Jharkhand,244.0,256.0,210.0,221.0,260.0,260.0,262.0,290.0,286.0,296.0,259.0,259,240
Jharkhand,East Jharkhand,313.0,327.0,268.0,283.0,333.0,333.0,336.0,371.0,367.0,379.0,332.0,332,308
Jharkhand,West Jharkhand,524.0,548.0,449.0,473.0,557.0,558.0,562.0,622.0,614.0,635.0,556.0,556,515
Jharkhand,Central Jharkhand,690.0,721.0,592.0,623.0,734.0,735.0,740.0,819.0,808.0,836.0,732.0,732,679
Jharkhand,Jharkhand Rural,658.0,688.0,564.0,594.0,700.0,701.0,706.0,781.0,771.0,797.0,698.0,698,647
Jharkhand,Jharkhand Urban,503.0,526.0,431.0,454.0,535.0,535.0,539.0,596.0,589.0,609.0,533.0,533,494
Jharkhand,Jharkhand Hills,585.0,612.0,502.0,528.0,623.0,623.0,628.0,694.0,686.0,709.0,621.0,621,576
Jharkhand,Jharkhand Valley,551.0,576.0,472.0,497.0,586.0,587.0,591.0,654.0,645.0,667.0,584.0,584,542
Jharkhand,Jharkhand Plains,2.0,2.0,1.0,2.0,3.0,3.0,4.0,3.0,3.0,3.0,3.0,3,2
Karnataka,North Karnataka,6063.0,6674.0,7160.0,8071.0,8137.0,8385.0,8171.0,8181.0,7892.0,7769.0,7520.0,7527,7545
Karnataka,South Karnataka,3364.0,3703.0,3972.0,4477.0,4514.0,4652.0,4533.0,4539.0,4378.0,4310.0,4172.0,4176,4186
Karnataka,East Karnataka,3002.0,3304.0,3545.0,3996.0,4028.0,4151.0,4045.0,4050.0,3907.0,3846.0,3723.0,3726,3735
Karnataka,West Karnataka,7304.0,8040.0,8625.0,9722.0,9802.0,10101.0,9843.0,9855.0,9507.0,9358.0,9059.0,9067,9089
Karnataka,Central Karnataka,6134.0,6752.0,7243.0,8165.0,8231.0,8483.0,8266.0,8276.0,7984.0,7859.0,7607.0,7614,7633
Karnataka,Karnataka Rural,4584.0,5046.0,5414.0,6102.0,6152.0,6340.0,6178.0,6186.0,5967.0,5874.0,5686.0,5691,5705
Karnataka,Karnataka Urban,3778.0,4159.0,4462.0,5030.0,5071.0,5226.0,5092.0,5098.0,4918.0,4841.0,4686.0,4690,4702
Karnataka,Karnataka Hills,6420.0,7067.0,7581.0,8546.0,8616.0,8879.0,8652.0,8663.0,8357.0,8226.0,7963.0,7970,7990
Karnataka,Karnataka Valley,4683.0,5155.0,5530.0,6234.0,6285.0,6477.0,6311.0,6319.0,6096.0,6000.0,5808.0,5813,5828
Karnataka,Karnataka Plains,449.0,495.0,529.0,597.0,602.0,620.0,606.0,607.0,585.0,576.0,557.0,557,558
Kerala,North Kerala,2402.0,2530.0,2529.0,2459.0,2382.0,2166.0,2044.0,2048.0,2043.0,2070.0,1992.0,2029,2160
Kerala,South Kerala,1676.0,1765.0,1765.0,1716.0,1662.0,1511.0,1427.0,1429.0,1426.0,1444.0,1390.0,1416,1507
Kerala,East Kerala,6757.0,7116.0,7115.0,6918.0,6702.0,6092.0,5751.0,5761.0,5748.0,5823.0,5605.0,5709,6076
Kerala,West Kerala,6367.0,6705.0,6704.0,6518.0,6315.0,5741.0,5419.0,5428.0,5416.0,5486.0,5281.0,5379,5725
Kerala,Central Kerala,10618.0,11183.0,11181.0,10871.0,10532.0,9574.0,9038.0,9054.0,9033.0,9150.0,8808.0,8971,9547
Kerala,Kerala Rural,280.0,295.0,295.0,287.0,278.0,252.0,238.0,239.0,238.0,241.0,232.0,236,252
Kerala,Kerala Urban,3647.0,3841.0,3840.0,3734.0,3617.0,3288.0,3104.0,3109.0,3102.0,3143.0,3025.0,3081,3279
Kerala,Kerala Hills,2460.0,2591.0,2590.0,2519.0,2440.0,2218.0,2094.0,2098.0,2093.0,2120.0,2041.0,2078,2212
Kerala,Kerala Valley,3670.0,3865.0,3864.0,3757.0,3640.0,3309.0,3124.0,3129.0,3122.0,3162.0,3044.0,3101,3300
Kerala,Kerala Plains,10763.0,11337.0,11334.0,11020.0,10678.0,9706.0,9163.0,9178.0,9158.0,9276.0,8928.0,9096,9677
Madhya Pradesh,North Madhya Pradesh,8224.0,9178.0,9787.0,10506.0,11143.0,12580.0,13456.0,14019.0,13686.0,13797.0,13732.0,13635,13753
Madhya Pradesh,South Madhya Pradesh,1527.0,1704.0,1817.0,1951.0,2069.0,2336.0,2498.0,2603.0,2541.0,2562.0,2550.0,2532,2553
Madhya Pradesh,East Madhya Pradesh,3545.0,3956.0,4218.0,4528.0,4803.0,5422.0,5800.0,6043.0,5899.0,5947.0,5919.0,5877,5928
Madhya Pradesh,West Madhya Pradesh,2023.0,2258.0,2408.0,2585.0,2742.0,3095.0,3311.0,3449.0,3368.0,3395.0,3379.0,3355,3384
Madhya Pradesh,Central Madhya Pradesh,4638.0,5177.0,5520.0,5926.0,6285.0,7095.0,7590.0,7907.0,7719.0,7782.0,7745.0,7690,7757
Madhya Pradesh,Madhya Pradesh Rural,3598.0,4016.0,4282.0,4597.0,4876.0,5505.0,5888.0,6134.0,5989.0,6037.0,6009.0,5966,6018
Madhya Pradesh,Madhya Pradesh Urban,1126.0,1257.0,1341.0,1439.0,1526.0,1723.0,1843.0,1920.0,1875.0,1890.0,1881.0,1868,1884
Madhya Pradesh,Madhya Pradesh Hills,1874.0,2092.0,2230.0,2394.0,2540.0,2867.0,3067.0,3195.0,3119.0,3144.0,3130.0,3107,3134
Madhya Pradesh,Madhya Pradesh Valley,2446.0,2730.0,2911.0,3125.0,3315.0,3742.0,4003.0,4170.0,4071.0,4104.0,4085.0,4056,4091
Madhya Pradesh,Madhya Pradesh Plains,4374.0,4882.0,5205.0,5588.0,5926.0,6689.0,7155.0,7457.0,7278.0,7336.0,7301.0,7249,7313
Maharashtra,North Maharashtra,3031.0,3077.0,2651.0,3312.0,3073.0,3426.0,3108.0,3050.0,2962.0,2847.0,2725.0,2626,2571
Maharashtra,South Maharashtra,9264.0,9403.0,8103.0,10124.0,9393.0,10472.0,9499.0,9322.0,9053.0,8700.0,8328.0,8027,7858
Maharashtra,East Maharashtra,7938.0,8057.0,6943.0,8675.0,8049.0,8973.0,8140.0,7988.0,7757.0,7454.0,7136.0,6878,6733
Maharashtra,West Maharashtra,2749.0,2790.0,2404.0,3004.0,2787.0,3107.0,2819.0,2766.0,2686.0,2581.0,2471.0,2382,2332
Maharashtra,Central Maharashtra,5400.0,5481.0,4723.0,5901.0,5475.0,6104.0,5537.0,5434.0,5277.0,5071.0,4854.0,4679,4581
Maharashtra,Maharashtra Rural,1730.0,1756.0,1513.0,1890.0,1754.0,1955.0,1774.0,1741.0,1690.0,1624.0,1555.0,1499,1467
Maharashtra,Maharashtra Urban,3410.0,3461.0,2983.0,3727.0,3458.0,3855.0,3497.0,3432.0,3332.0,3202.0,3065.0,2955,2893
Maharashtra,Maharashtra Hills,303.0,307.0,265.0,331.0,307.0,342.0,310.0,305.0,296.0,284.0,272.0,262,257
Maharashtra,Maharashtra Valley,4566.0,4634.0,3993.0,4989.0,4629.0,5161.0,4682.0,4594.0,4462.0,4287.0,4104.0,3956,3873
Maharashtra,Maharashtra Plains,8301.0,8428.0,7260.0,9071.0,8417.0,9385.0,8512.0,8353.0,8113.0,7797.0,7462.0,7191,7041
Manipur,North Manipur,15.0,17.0,21.0,16.0,16.0,19.0,18.0,17.0,17.0,21.0,18.0,20,19
Manipur,South Manipur,88.0,97.0,119.0,91.0,93.0,109.0,106.0,101.0,100.0,124.0,105.0,116,107
Manipur,East Manipur,8.0,9.0,11.0,8.0,9.0,10.0,10.0,9.0,9.0,12.0,10.0,11,10
Manipur,West Manipur,88.0,97.0,119.0,91.0,93.0,108.0,106.0,101.0,100.0,124.0,105.0,115,107
Manipur,Central Manipur,184.0,203.0,248.0,190.0,194.0,226.0,221.0,211.0,208.0,259.0,219.0,241,223
Manipur,Manipur Rural,156.0,172.0,211.0,161.0,165.0,192.0,188.0,179.0,176.0,219.0,185.0,204,189
Manipur,Manipur Urban,73.0,80.0,98.0,75.0,77.0,89.0,87.0,83.0,82.0,102.0,86.0,95,88
Manipur,Manipur Hills,95.0,105.0,129.0,98.0,101.0,117.0,115.0,109.0,108.0,134.0,113.0,125,116
Manipur,Manipur Valley,79.0,88.0,107.0,82.0,84.0,98.0,95.0,91.0,90.0,112.0,94.0,104,96
Manipur,Manipur Plains,202.0,222.0,272.0,208.0,212.0,248.0,243.0,231.0,228.0,284.0,240.0,264,246
Meghalaya,North Meghalaya,40.0,28.0,41.0,29.0,27.0,27.0,54.0,35.0,45.0,25.0,31.0,24,24
Meghalaya,South Meghalaya,79.0,55.0,82.0,58.0,54.0,54.0,108.0,70.0,90.0,49.0,63.0,47,48
Meghalaya,East Meghalaya,7.0,5.0,7.0,5.0,5.0,5.0,9.0,6.0,8.0,4.0,5.0,4,4
Meghalaya,West Meghalaya,69.0,48.0,71.0,50.0,47.0,47.0,94.0,61.0,78.0,42.0,54.0,41,42
Meghalaya,Central Meghalaya,70.0,49.0,73.0,51.0,48.0,48.0,96.0,62.0,80.0,43.0,55.0,42,43
Meghalaya,Meghalaya Rural,51.0,36.0,53.0,37.0,35.0,35.0,70.0,45.0,58.0,32.0,41.0,31,31
Meghalaya,Meghalaya Urban,65.0,45.0,67.0,47.0,44.0,44.0,88.0,57.0,73.0,40.0,51.0,39,39
Meghalaya,Meghalaya Hills,68.0,47.0,70.0,49.0,46.0,46.0,92.0,60.0,77.0,42.0,53.0,40,41
Meghalaya,Meghalaya Valley,3.0,2.0,4.0,2.0,2.0,2.0,5.0,3.0,4.0,2.0,3.0,2,2
Meghalaya,Meghalaya Plains,71.0,47.0,75.0,51.0,49.0,47.0,97.0,62.0,78.0,43.0,56.0,41,45
Mizoram,North Mizoram,22.0,25.0,25.0,29.0,13.0,36.0,39.0,49.0,42.0,33.0,51.0,45,20
Mizoram,South Mizoram,1.0,1.0,1.0,1.0,0.0,1.0,1.0,1.0,1.0,1.0,1.0,1,0
Mizoram,East Mizoram,13.0,15.0,15.0,18.0,8.0,22.0,24.0,30.0,25.0,20.0,31.0,28,12
Mizoram,West Mizoram,4.0,4.0,4.0,5.0,2.0,6.0,7.0,8.0,7.0,6.0,9.0,8,3
Mizoram,Central Mizoram,3.0,4.0,3.0,4.0,2.0,5.0,5.0,7.0,6.0,5.0,7.0,6,3
Mizoram,Mizoram Rural,10.0,12.0,12.0,14.0,6.0,17.0,18.0,23.0,20.0,16.0,24.0,21,9
Mizoram,Mizoram Urban,10.0,11.0,11.0,13.0,6.0,16.0,17.0,21.0,18.0,15.0,22.0,20,9
Mizoram,Mizoram Hills,9.0,10.0,10.0,12.0,5.0,14.0,16.0,20.0,17.0,13.0,21.0,18,8
Mizoram,Mizoram Valley,18.0,21.0,21.0,24.0,11.0,30.0,33.0,41.0,35.0,28.0,43.0,38,17
Mizoram,Mizoram Plains,22.0,28.0,25.0,29.0,12.0,38.0,43.0,52.0,44.0,35.0,55.0,49,22
Nagaland,North Nagaland,5.0,5.0,11.0,10.0,7.0,9.0,6.0,4.0,4.0,2.0,2.0,9,3
Nagaland,South Nagaland,19.0,22.0,48.0,43.0,29.0,38.0,23.0,19.0,17.0,8.0,10.0,36,11
Nagaland,East Nagaland,9.0,10.0,23.0,20.0,14.0,18.0,11.0,9.0,8.0,4.0,5.0,17,5
Nagaland,West Nagaland,2.0,2.0,4.0,3.0,2.0,3.0,2.0,2.0,1.0,1.0,1.0,3,1
Nagaland,Central Nagaland,21.0,24.0,52.0,46.0,32.0,41.0,26.0,20.0,18.0,8.0,11.0,39,13
Nagaland,Nagaland Rural,20.0,22.0,49.0,44.0,30.0,39.0,24.0,19.0,17.0,8.0,10.0,37,12
Nagaland,Nagaland Urban,17.0,20.0,43.0,39.0,26.0,34.0,21.0,17.0,15.0,7.0,9.0,32,10
Nagaland,Nagaland Hills,13.0,14.0,31.0,28.0,19.0,25.0,15.0,12.0,11.0,5.0,7.0,23,8
Nagaland,Nagaland Valley,3.0,3.0,7.0,6.0,4.0,6.0,3.0,3.0,2.0,1.0,2.0,5,2
Nagaland,Nagaland Plains,14.0,18.0,39.0,36.0,26.0,32.0,20.0,16.0,14.0,5.0,8.0,29,9
Odisha,North Odisha,1688.0,1814.0,1941.0,1865.0,2160.0,1983.0,2158.0,2178.0,2149.0,2047.0,2150.0,2118,2259
Odisha,South Odisha,482.0,518.0,554.0,533.0,617.0,566.0,616.0,622.0,614.0,585.0,614.0,605,645
Odisha,East Odisha,626.0,673.0,720.0,692.0,801.0,736.0,801.0,808.0,797.0,759.0,798.0,786,838
Odisha,West Odisha,633.0,681.0,728.0,700.0,810.0,744.0,809.0,817.0,806.0,768.0,806.0,794,847
Odisha,Central Odisha,1156.0,1242.0,1329.0,1277.0,1478.0,1357.0,1477.0,1491.0,1471.0,1401.0,1472.0,1450,1546
Odisha,Odisha Rural,365.0,392.0,419.0,403.0,467.0,428.0,466.0,470.0,464.0,442.0,464.0,458,488
Odisha,Odisha Urban,42.0,46.0,49.0,47.0,54.0,50.0,54.0,55.0,54.0,52.0,54.0,53,57
Odisha,Odisha Hills,1506.0,1618.0,1731.0,1663.0,1926.0,1768.0,1924.0,1942.0,1916.0,1825.0,1917.0,1889,2014
Odisha,Odisha Valley,1453.0,1562.0,1671.0,1605.0,1859.0,1706.0,1857.0,1874.0,1849.0,1762.0,1850.0,1823,1944
Odisha,Odisha Plains,887.0,952.0,1018.0,978.0,1133.0,1040.0,1134.0,1142.0,1128.0,1074.0,1129.0,1111,1187
Punjab,North Punjab,29.0,30.0,29.0,31.0,31.0,30.0,32.0,29.0,29.0,28.0,31.0,29,31
Punjab,South Punjab,651.0,674.0,660.0,688.0,708.0,670.0,717.0,650.0,652.0,639.0,700.0,659,705
Punjab,East Punjab,330.0,342.0,335.0,349.0,359.0,340.0,363.0,330.0,331.0,324.0,355.0,334,358
Punjab,West Punjab,618.0,639.0,626.0,653.0,671.0,636.0,680.0,617.0,618.0,606.0,664.0,625,669
Punjab,Central Punjab,350.0,362.0,355.0,370.0,381.0,361.0,385.0,350.0,351.0,343.0,377.0,355,379
Punjab,Punjab Rural,176.0,182.0,179.0,186.0,191.0,181.0,194.0,176.0,176.0,173.0,189.0,178,191
Punjab,Punjab Urban,663.0,686.0,671.0,700.0,720.0,682.0,729.0,662.0,663.0,650.0,712.0,671,717
Punjab,Punjab Hills,459.0,475.0,465.0,485.0,499.0,472.0,505.0,458.0,459.0,450.0,493.0,464,497
Punjab,Punjab Valley,204.0,211.0,207.0,216.0,222.0,210.0,225.0,204.0,205.0,200.0,220.0,207,221
Punjab,Punjab Plains,597.0,617.0,604.0,629.0,648.0,614.0,656.0,595.0,597.0,584.0,642.0,605,646
Rajasthan,North Rajasthan,3813.0,4110.0,3932.0,3860.0,4085.0,4046.0,4238.0,4069.0,3759.0,3689.0,3596.0,3600,3430
Rajasthan,South Rajasthan,4007.0,4319.0,4132.0,4056.0,4293.0,4252.0,4453.0,4276.0,3950.0,3877.0,3779.0,3783,3604
Rajasthan,East Rajasthan,3065.0,3304.0,3161.0,3103.0,3284.0,3253.0,3407.0,3271.0,3022.0,2966.0,2891.0,2894,2757
Rajasthan,West Rajasthan,3496.0,3768.0,3605.0,3538.0,3745.0,3709.0,3885.0,3731.0,3446.0,3382.0,3297.0,3300,3144
Rajasthan,Central Rajasthan,2506.0,2701.0,2584.0,2536.0,2684.0,2659.0,2785.0,2674.0,2470.0,2424.0,2363.0,2365,2253
Rajasthan,Rajasthan Rural,1769.0,1907.0,1824.0,1791.0,1895.0,1877.0,1966.0,1888.0,1744.0,1712.0,1669.0,1670,1591
Rajasthan,Rajasthan Urban,1265.0,1364.0,1304.0,1280.0,1355.0,1342.0,1406.0,1350.0,1247.0,1224.0,1193.0,1194,1138
Rajasthan,Rajasthan Hills,2038.0,2197.0,2102.0,2063.0,2184.0,2163.0,2265.0,2175.0,2009.0,1972.0,1922.0,1924,1833
Rajasthan,Rajasthan Valley,3385.0,3648.0,3490.0,3426.0,3626.0,3591.0,3761.0,3612.0,3336.0,3275.0,3192.0,3195,3044
Rajasthan,Rajasthan Plains,3735.0,4027.0,3852.0,3781.0,4000.0,3965.0,4151.0,3987.0,3683.0,3614.0,3522.0,3528,3359
Sikkim,North Sikkim,31.0,30.0,48.0,43.0,30.0,27.0,48.0,44.0,35.0,37.0,45.0,39,37
Sikkim,South Sikkim,50.0,50.0,78.0,70.0,49.0,44.0,78.0,72.0,58.0,60.0,74.0,63,61
Sikkim,East Sikkim,37.0,36.0,57.0,51.0,36.0,32.0,57.0,52.0,42.0,44.0,54.0,46,44
Sikkim,West Sikkim,7.0,7.0,12.0,10.0,7.0,7.0,12.0,11.0,9.0,9.0,11.0,9,9
Sikkim,Central Sikkim,5.0,5.0,8.0,7.0,5.0,4.0,7.0,7.0,6.0,6.0,7.0,6,6
Sikkim,Sikkim Rural,20.0,20.0,32.0,28.0,20.0,18.0,31.0,29.0,23.0,24.0,30.0,26,24
Sikkim,Sikkim Urban,14.0,13.0,21.0,19.0,13.0,12.0,21.0,19.0,16.0,16.0,20.0,17,16
Sikkim,Sikkim Hills,56.0,56.0,87.0,78.0,54.0,49.0,87.0,80.0,64.0,67.0,82.0,70,67
Sikkim,Sikkim Valley,44.0,43.0,68.0,61.0,43.0,38.0,68.0,62.0,50.0,53.0,64.0,55,53
Sikkim,Sikkim Plains,15.0,18.0,25.0,24.0,15.0,15.0,25.0,23.0,18.0,20.0,22.0,21,20
Tamil Nadu,North Tamil Nadu,4741.0,4916.0,5322.0,5522.0,6102.0,6029.0,6051.0,6475.0,6372.0,6724.0,6495.0,6671,6844
Tamil Nadu,South Tamil Nadu,6225.0,6455.0,6987.0,7250.0,8012.0,7916.0,7945.0,8501.0,8366.0,8829.0,8528.0,8758,8986
Tamil Nadu,East Tamil Nadu,4817.0,4995.0,5407.0,5611.0,6200.0,6126.0,6148.0,6579.0,6475.0,6832.0,6600.0,6778,6954
Tamil Nadu,West Tamil Nadu,5188.0,5379.0,5823.0,6042.0,6677.0,6597.0,6621.0,7085.0,6972.0,7358.0,7107.0,7299,7489
Tamil Nadu,Central Tamil Nadu,7689.0,7973.0,8630.0,8955.0,9896.0,9778.0,9813.0,10501.0,10334.0,10905.0,10534.0,10818,11099
Tamil Nadu,Tamil Nadu Rural,2148.0,2227.0,2410.0,2501.0,2764.0,2731.0,2741.0,2933.0,2886.0,3046.0,2942.0,3022,3100
Tamil Nadu,Tamil Nadu Urban,2954.0,3063.0,3315.0,3440.0,3802.0,3756.0,3770.0,4034.0,3970.0,4189.0,4047.0,4156,4264
Tamil Nadu,Tamil Nadu Hills,5731.0,5943.0,6433.0,6675.0,7376.0,7288.0,7314.0,7827.0,7702.0,8128.0,7851.0,8063,8273
Tamil Nadu,Tamil Nadu Valley,8458.0,8771.0,9494.0,9852.0,10886.0,10757.0,10795.0,11552.0,11368.0,11996.0,11588.0,11901,12210
Tamil Nadu,Tamil Nadu Plains,7291.0,7561.0,8185.0,8494.0,9384.0,9273.0,9306.0,9958.0,9800.0,10341.0,9989.0,10259,10527
Telangana,North Telangana,,,,,,,,,,,,916,972
Telangana,South Telangana,,,,,,,,,,,,3518,3731
Telangana,East Telangana,,,,,,,,,,,,2609,2767
Telangana,West Telangana,,,,,,,,,,,,1511,1602
Telangana,Central Telangana,,,,,,,,,,,,2041,2164
Telangana,Telangana Rural,,,,,,,,,,,,668,709
Telangana,Telangana Urban,,,,,,,,,,,,4255,4513
Telangana,Telangana Hills,,,,,,,,,,,,233,247
Telangana,Telangana Valley,,,,,,,,,,,,3532,3747
Telangana,Telangana Plains,,,,,,,,,,,,2353,2496
Tripura,North Tripura,158.0,198.0,182.0,233.0,226.0,255.0,229.0,216.0,175.0,211.0,218.0,209,175
Tripura,South Tripura,32.0,40.0,37.0,47.0,46.0,51.0,46.0,44.0,35.0,43.0,44.0,42,35
Tripura,East Tripura,39.0,48.0,45.0,57.0,56.0,62.0,56.0,53.0,43.0,52.0,53.0,51,43
Tripura,West Tripura,163.0,204.0,188.0,241.0,234.0,263.0,236.0,223.0,181.0,218.0,225.0,216,181
Tripura,Central Tripura,168.0,210.0,193.0,248.0,240.0,270.0,243.0,230.0,186.0,224.0,231.0,222,186
Tripura,Tripura Rural,86.0,108.0,99.0,128.0,124.0,139.0,125.0,118.0,96.0,115.0,119.0,114,96
Tripura,Tripura Urban,55.0,69.0,63.0,81.0,78.0,88.0,79.0,75.0,61.0,73.0,75.0,72,61
Tripura,Tripura Hills,125.0,157.0,144.0,185.0,180.0,202.0,182.0,172.0,139.0,167.0,173.0,166,139
Tripura,Tripura Valley,67.0,84.0,77.0,99.0,96.0,108.0,97.0,92.0,74.0,89.0,92.0,88,74
Tripura,Tripura Plains,34.0,42.0,39.0,49.0,49.0,56.0,49.0,46.0,40.0,45.0,47.0,45,38
Uttarakhand,North Uttarakhand,223.0,247.0,243.0,252.0,261.0,233.0,235.0,218.0,226.0,208.0,198.0,202,219
Uttarakhand,South Uttarakhand,246.0,272.0,268.0,278.0,288.0,257.0,260.0,241.0,249.0,230.0,219.0,223,241
Uttarakhand,East Uttarakhand,48.0,53.0,52.0,54.0,56.0,50.0,51.0,47.0,49.0,45.0,43.0,44,47
Uttarakhand,West Uttarakhand,35.0,38.0,38.0,39.0,41.0,36.0,37.0,34.0,35.0,32.0,31.0,31,34
Uttarakhand,Central Uttarakhand,258.0,285.0,281.0,291.0,302.0,269.0,272.0,252.0,261.0,240.0,229.0,233,253
Uttarakhand,Uttarakhand Rural,52.0,57.0,56.0,59.0,61.0,54.0,55.0,51.0,52.0,48.0,46.0,47,51
Uttarakhand,Uttarakhand Urban,236.0,260.0,256.0,266.0,275.0,246.0,248.0,230.0,238.0,219.0,209.0,213,231
Uttarakhand,Uttarakhand Hills,17.0,19.0,19.0,19.0,20.0,18.0,18.0,17.0,17.0,16.0,15.0,15,17
Uttarakhand,Uttarakhand Valley,192.0,212.0,209.0,217.0,225.0,200.0,203.0,188.0,194.0,179.0,171.0,174,188
Uttarakhand,Uttarakhand Plains,385.0,427.0,419.0,435.0,450.0,402.0,405.0,378.0,391.0,360.0,342.0,349,376
Uttar Pradesh,North Uttar Pradesh,1219.0,1719.0,1680.0,1780.0,1886.0,2354.0,2690.0,2622.0,2023.0,2888.0,3002.0,2912,3025
Uttar Pradesh,South Uttar Pradesh,54.0,76.0,74.0,79.0,84.0,104.0,119.0,116.0,90.0,128.0,133.0,129,134
Uttar Pradesh,East Uttar Pradesh,1252.0,1767.0,1726.0,1829.0,1938.0,2419.0,2764.0,2695.0,2078.0,2968.0,3085.0,2993,3109
Uttar Pradesh,West Uttar Pradesh,1105.0,1559.0,1523.0,1614.0,1710.0,2135.0,2439.0,2378.0,1834.0,2619.0,2722.0,2641,2743
Uttar Pradesh,Central Uttar Pradesh,157.0,221.0,216.0,229.0,243.0,303.0,346.0,338.0,260.0,372.0,387.0,375,390
Uttar Pradesh,Uttar Pradesh Rural,1388.0,1959.0,1913.0,2027.0,2148.0,2682.0,3064.0,2987.0,2304.0,3290.0,3419.0,3317,3446
Uttar Pradesh,Uttar Pradesh Urban,208.0,293.0,286.0,303.0,322.0,401.0,459.0,447.0,345.0,493.0,512.0,497,516
Uttar Pradesh,Uttar Pradesh Hills,1457.0,2056.0,2008.0,2128.0,2255.0,2815.0,3216.0,3135.0,2418.0,3454.0,3589.0,3482,3617
Uttar Pradesh,Uttar Pradesh Valley,667.0,941.0,919.0,974.0,1032.0,1288.0,1472.0,1435.0,1107.0,1581.0,1643.0,1594,1656
Uttar Pradesh,Uttar Pradesh Plains,1841.0,2597.0,2538.0,2687.0,2846.0,3555.0,4063.0,3960.0,3054.0,4362.0,4532.0,4397,4569
West Bengal,North West Bengal,1722.0,2006.0,2037.0,1652.0,1755.0,1786.0,1643.0,2125.0,2017.0,1857.0,1777.0,1620,1590
West Bengal,South West Bengal,226.0,264.0,268.0,217.0,231.0,235.0,216.0,280.0,265.0,244.0,234.0,213,209
West Bengal,East West Bengal,2172.0,2531.0,2571.0,2085.0,2214.0,2253.0,2073.0,2681.0,2545.0,2343.0,2242.0,2044,2006
West Bengal,West West Bengal,1519.0,1770.0,1798.0,1458.0,1549.0,1576.0,1450.0,1875.0,1780.0,1639.0,1569.0,1430,1403
West Bengal,Central West Bengal,542.0,631.0,641.0,520.0,552.0,562.0,517.0,669.0,635.0,585.0,560.0,510,501
West Bengal,West Bengal Rural,1955.0,2278.0,2314.0,1877.0,1993.0,2028.0,1866.0,2413.0,2291.0,2109.0,2018.0,1840,1806
West Bengal,West Bengal Urban,764.0,890.0,904.0,734.0,779.0,793.0,729.0,943.0,895.0,824.0,789.0,719,706
West Bengal,West Bengal Hills,2585.0,3012.0,3059.0,2481.0,2635.0,2682.0,2467.0,3191.0,3029.0,2788.0,2669.0,2433,2388
West Bengal,West Bengal Valley,321.0,374.0,380.0,308.0,327.0,333.0,306.0,396.0,376.0,346.0,331.0,302,296
West Bengal,West Bengal Plains,963.0,1121.0,1139.0,925.0,979.0,998.0,919.0,1187.0,1129.0,1038.0,993.0,907,889
Andaman & Nicobar Islands,North Andaman & Nicobar Islands,4.0,5.0,5.0,3.0,5.0,4.0,5.0,5.0,4.0,4.0,3.0,4,5
Andaman & Nicobar Islands,South Andaman & Nicobar Islands,18.0,22.0,24.0,16.0,23.0,19.0,25.0,27.0,22.0,21.0,17.0,20,24
Andaman & Nicobar Islands,East Andaman & Nicobar Islands,13.0,16.0,17.0,11.0,16.0,13.0,17.0,19.0,15.0,15.0,12.0,14,17
Andaman & Nicobar Islands,West Andaman & Nicobar Islands,49.0,60.0,64.0,43.0,61.0,50.0,67.0,73.0,58.0,56.0,46.0,55,65
Andaman & Nicobar Islands,Central Andaman & Nicobar Islands,49.0,60.0,64.0,43.0,61.0,50.0,67.0,73.0,58.0,56.0,46.0,55,65
Andaman & Nicobar Islands,Andaman & Nicobar Islands Rural,25.0,30.0,32.0,22.0,31.0,25.0,34.0,37.0,29.0,28.0,23.0,28,32
Andaman & Nicobar Islands,Andaman & Nicobar Islands Urban,16.0,20.0,21.0,14.0,20.0,16.0,22.0,24.0,19.0,18.0,15.0,18,21
Andaman & Nicobar Islands,Andaman & Nicobar Islands Hills,15.0,19.0,20.0,14.0,19.0,16.0,21.0,23.0,18.0,18.0,14.0,17,20
Andaman & Nicobar Islands,Andaman & Nicobar Islands Valley,43.0,52.0,56.0,38.0,53.0,43.0,58.0,63.0,50.0,49.0,39.0,48,56
Andaman & Nicobar Islands,Andaman & Nicobar Islands Plains,20.0,23.0,26.0,18.0,24.0,20.0,26.0,29.0,25.0,23.0,18.0,24,26
Chandigarh,North Chandigarh,54.0,43.0,68.0,65.0,66.0,54.0,40.0,51.0,46.0,43.0,41.0,41,41
Chandigarh,South Chandigarh,9.0,7.0,12.0,11.0,11.0,9.0,7.0,9.0,8.0,7.0,7.0,7,7
Chandigarh,East Chandigarh,6.0,4.0,7.0,7.0,7.0,6.0,4.0,5.0,5.0,4.0,4.0,4,4
Chandigarh,West Chandigarh,67.0,54.0,85.0,81.0,81.0,67.0,49.0,64.0,57.0,53.0,51.0,51,51
Chandigarh,Central Chandigarh,29.0,23.0,36.0,34.0,35.0,29.0,21.0,27.0,24.0,23.0,22.0,22,22
Chandigarh,Chandigarh Rural,66.0,53.0,83.0,79.0,80.0,66.0,48.0,63.0,56.0,52.0,51.0,51,50
Chandigarh,Chandigarh Urban,53.0,43.0,68.0,64.0,65.0,53.0,39.0,51.0,45.0,42.0,41.0,41,40
Chandigarh,Chandigarh Hills,28.0,23.0,36.0,34.0,34.0,28.0,21.0,27.0,24.0,22.0,22.0,22,21
Chandigarh,Chandigarh Valley,65.0,52.0,83.0,79.0,79.0,65.0,48.0,62.0,55.0,52.0,50.0,50,50
Chandigarh,Chandigarh Plains,60.0,48.0,75.0,71.0,72.0,60.0,44.0,56.0,50.0,49.0,46.0,46,45
Dadra & Nagar Haveli,North Dadra & Nagar Haveli,11.0,23.0,20.0,19.0,16.0,20.0,12.0,23.0,36.0,21.0,18.0,16,17
Dadra & Nagar Haveli,South Dadra & Nagar Haveli,6.0,12.0,11.0,11.0,9.0,11.0,7.0,12.0,19.0,11.0,10.0,9,9
Dadra & Nagar Haveli,East Dadra & Nagar Haveli,2.0,4.0,3.0,3.0,3.0,4.0,2.0,4.0,6.0,4.0,3.0,3,3
Dadra & Nagar Haveli,West Dadra & Nagar Haveli,3.0,7.0,6.0,6.0,5.0,6.0,4.0,7.0,11.0,6.0,5.0,5,5
Dadra & Nagar Haveli,Central Dadra & Nagar Haveli,6.0,12.0,10.0,10.0,8.0,10.0,6.0,12.0,18.0,11.0,9.0,8,8
Dadra & Nagar Haveli,Dadra & Nagar Haveli Rural,3.0,7.0,6.0,6.0,5.0,6.0,4.0,7.0,11.0,6.0,5.0,5,5
Dadra & Nagar Haveli,Dadra & Nagar Haveli Urban,13.0,26.0,22.0,22.0,18.0,23.0,14.0,26.0,40.0,23.0,20.0,18,19
Dadra & Nagar Haveli,Dadra & Nagar Haveli Hills,9.0,18.0,15.0,15.0,13.0,16.0,9.0,18.0,28.0,16.0,14.0,13,13
Dadra & Nagar Haveli,Dadra & Nagar Haveli Valley,3.0,7.0,6.0,6.0,5.0,6.0,4.0,7.0,11.0,6.0,5.0,5,5
Dadra & Nagar Haveli,Dadra & Nagar Haveli Plains,9.0,17.0,16.0,16.0,12.0,18.0,9.0,18.0,30.0,18.0,15.0,14,13
Daman & Diu,North Daman & Diu,4.0,4.0,4.0,3.0,4.0,3.0,4.0,2.0,2.0,2.0,4.0,3,4
Daman & Diu,South Daman & Diu,13.0,13.0,13.0,10.0,11.0,11.0,13.0,8.0,7.0,7.0,14.0,9,12
Daman & Diu,East Daman & Diu,6.0,6.0,6.0,4.0,5.0,5.0,6.0,4.0,3.0,3.0,6.0,4,5
Daman & Diu,West Daman & Diu,0.0,0.0,0.0,0.0,0.0,0.0,0.0,0.0,0.0,0.0,0.0,0,0
Daman & Diu,Central Daman & Diu,7.0,7.0,7.0,5.0,6.0,6.0,7.0,4.0,4.0,4.0,8.0,5,6
Daman & Diu,Daman & Diu Rural,8.0,7.0,7.0,5.0,6.0,6.0,7.0,4.0,4.0,4.0,8.0,5,7
Daman & Diu,Daman & Diu Urban,6.0,6.0,6.0,4.0,5.0,5.0,5.0,3.0,3.0,3.0,6.0,4,5
Daman & Diu,Daman & Diu Hills,13.0,12.0,13.0,9.0,11.0,10.0,12.0,8.0,7.0,7.0,13.0,9,11
Daman & Diu,Daman & Diu Valley,10.0,9.0,9.0,7.0,8.0,8.0,9.0,6.0,5.0,5.0,10.0,6,8
Daman & Diu,Daman & Diu Plains,7.0,6.0,7.0,6.0,7.0,4.0,6.0,4.0,2.0,4.0,6.0,4,6
Delhi,North Delhi,312.0,322.0,337.0,330.0,308.0,293.0,277.0,284.0,288.0,265.0,283.0,331,330
Delhi,South Delhi,1619.0,1669.0,1747.0,1712.0,1595.0,1519.0,1434.0,1470.0,1494.0,1372.0,1468.0,1713,1708
Delhi,East Delhi,300.0,309.0,323.0,317.0,295.0,281.0,266.0,272.0,277.0,254.0,272.0,317,316
Delhi,West Delhi,1286.0,1326.0,1388.0,1360.0,1267.0,1207.0,1140.0,1168.0,1187.0,1090.0,1166.0,1361,1357
Delhi,Central Delhi,350.0,361.0,378.0,371.0,345.0,329.0,310.0,318.0,323.0,297.0,318.0,371,370
Delhi,Delhi Rural,111.0,115.0,120.0,118.0,110.0,104.0,99.0,101.0,103.0,94.0,101.0,118,117
Delhi,Delhi Urban,927.0,956.0,1000.0,981.0,913.0,870.0,821.0,842.0,856.0,786.0,841.0,981,978
Delhi,Delhi Hills,69.0,71.0,74.0,73.0,68.0,65.0,61.0,63.0,64.0,58.0,63.0,73,73
Delhi,Delhi Valley,1377.0,1420.0,1486.0,1456.0,1356.0,1291.0,1220.0,1250.0,1271.0,1167.0,1248.0,1457,1452
Delhi,Delhi Plains,1478.0,1523.0,1594.0,1562.0,1454.0,1384.0,1308.0,1340.0,1363.0,1250.0,1338.0,1561,1557
Lakshadweep,North Lakshadweep,0.0,0.0,0.0,0.0,0.0,0.0,0.0,0.0,0.0,0.0,0.0,0,0
Lakshadweep,South Lakshadweep,0.0,1.0,1.0,1.0,0.0,1.0,1.0,1.0,0.0,1.0,0.0,0,1
Lakshadweep,East Lakshadweep,0.0,0.0,0.0,0.0,0.0,0.0,0.0,0.0,0.0,0.0,0.0,0,0
Lakshadweep,West Lakshadweep,0.0,0.0,0.0,1.0,0.0,1.0,0.0,0.0,0.0,0.0,0.0,0,0
Lakshadweep,Central Lakshadweep,0.0,0.0,0.0,1.0,0.0,1.0,0.0,0.0,0.0,0.0,0.0,0,0
Lakshadweep,Lakshadweep Rural,0.0,0.0,0.0,1.0,0.0,1.0,0.0,0.0,0.0,0.0,0.0,0,0
Lakshadweep,Lakshadweep Urban,0.0,0.0,1.0,1.0,0.0,1.0,0.0,1.0,0.0,0.0,0.0,0,0
Lakshadweep,Lakshadweep Hills,0.0,0.0,1.0,1.0,0.0,1.0,0.0,1.0,0.0,0.0,0.0,0,0
Lakshadweep,Lakshadweep Valley,0.0,0.0,0.0,1.0,0.0,1.0,0.0,0.0,0.0,0.0,0.0,0,0
Lakshadweep,Lakshadweep Plains,1.0,2.0,2.0,0.0,2.0,0.0,2.0,2.0,0.0,2.0,2.0,1,2
Puducherry,North Puducherry,80.0,81.0,87.0,80.0,84.0,88.0,82.0,71.0,80.0,53.0,74.0,62,73
Puducherry,South Puducherry,50.0,51.0,54.0,50.0,52.0,54.0,51.0,44.0,50.0,33.0,46.0,39,46
Puducherry,East Puducherry,225.0,229.0,244.0,224.0,234.0,246.0,230.0,199.0,224.0,150.0,207.0,175,206
Puducherry,West Puducherry,290.0,295.0,315.0,290.0,303.0,317.0,296.0,258.0,289.0,193.0,268.0,226,266
Puducherry,Central Puducherry,114.0,116.0,124.0,114.0,119.0,124.0,116.0,101.0,113.0,76.0,105.0,89,104
Puducherry,Puducherry Rural,110.0,112.0,119.0,109.0,114.0,120.0,112.0,97.0,109.0,73.0,101.0,86,100
Puducherry,Puducherry Urban,159.0,162.0,173.0,159.0,166.0,174.0,163.0,142.0,159.0,106.0,147.0,124,146
Puducherry,Puducherry Hills,48.0,49.0,52.0,48.0,50.0,53.0,49.0,43.0,48.0,32.0,45.0,38,44
Puducherry,Puducherry Valley,384.0,391.0,418.0,384.0,401.0,420.0,393.0,341.0,383.0,256.0,355.0,300,352
Puducherry,Puducherry Plains,235.0,239.0,257.0,235.0,246.0,259.0,240.0,209.0,234.0,157.0,217.0,184,215
All India,North All India,22207.0,23708.0,23747.0,25339.0,26200.0,26702.0,26308.0,26923.0,26100.0,26012.0,25258.0,25186,25533
All India,South All India,21112.0,22538.0,22575.0,24089.0,24907.0,25385.0,25010.0,25594.0,24812.0,24729.0,24012.0,23943,24273
All India,East All India,9139.0,9756.0,9772.0,10428.0,10782.0,10989.0,10826.0,11079.0,10741.0,10705.0,10394.0,10365,10507
All India,West All India,68887.0,73541.0,73662.0,78601.0,81270.0,82830.0,81605.0,83514.0,80962.0,80688.0,78349.0,78125,79202
All India,Central All India,43047.0,45955.0,46031.0,49117.0,50785.0,51760.0,50995.0,52187.0,50593.0,50422.0,48960.0,48820,49493
All India,All India Rural,31854.0,34006.0,34062.0,36346.0,37580.0,38301.0,37735.0,38617.0,37437.0,37311.0,36229.0,36126,36624
All India,All India Urban,9492.0,10134.0,10150.0,10831.0,11199.0,11414.0,11245.0,11508.0,11156.0,11119.0,10796.0,10765,10914
All India,All India Hills,74199.0,79213.0,79342.0,84663.0,87538.0,89218.0,87899.0,89954.0,87206.0,86911.0,84392.0,84150,85310
All India,All India Valley,78924.0,84256.0,84394.0,90053.0,93111.0,94899.0,93496.0,95682.0,92758.0,92445.0,89765.0,89508,90742
All India,All India Plains,76261.0,81414.0,81547.0,87014.0,89968.0,91695.0,90339.0,92454.0,89629.0,89325.0,86738.0,86486,87681
